{"cameraMode":{"drawMode":0,"name":"Shaded","section":"Shading Mode"},"sceneLighting":false,"audioPlay":false,"sceneViewState":{"m_AlwaysRefresh":false,"showFog":false,"showSkybox":false,"showFlares":false,"showImageEffects":false,"showParticleSystems":false,"showVisualEffectGraphs":true,"m_FxEnabled":true},"in2DMode":false,"pivot":{"x":0.0004109041765332222,"y":0.001749652437865734,"z":-0.0013352148234844208},"rotation":{"x":0.050310321152210239,"y":0.5618832111358643,"z":-0.034254297614097598,"w":0.8250120282173157},"size":0.017865434288978578,"orthographic":false}