{"cameraMode":{"drawMode":0,"name":"Shaded","section":"Shading Mode"},"sceneLighting":false,"audioPlay":false,"sceneViewState":{"m_AlwaysRefresh":false,"showFog":false,"showSkybox":false,"showFlares":false,"showImageEffects":false,"showParticleSystems":false,"showVisualEffectGraphs":true,"m_FxEnabled":true},"in2DMode":false,"pivot":{"x":-0.00004821689799427986,"y":0.008577227592468262,"z":0.0002044057473540306},"rotation":{"x":-0.04373449459671974,"y":0.3979831635951996,"z":-0.01899770461022854,"w":-0.9161601662635803},"size":0.012416326440870762,"orthographic":false}