{"cameraMode":{"drawMode":0,"name":"Shaded","section":"Shading Mode"},"sceneLighting":false,"audioPlay":false,"sceneViewState":{"m_AlwaysRefresh":false,"showFog":false,"showSkybox":false,"showFlares":false,"showImageEffects":false,"showParticleSystems":false,"showVisualEffectGraphs":true,"m_FxEnabled":true},"in2DMode":false,"pivot":{"x":-0.04505282640457153,"y":2.815004348754883,"z":0.12112659215927124},"rotation":{"x":0.10905109345912934,"y":-0.06466655433177948,"z":0.007109654136002064,"w":0.9919165372848511},"size":3.833555221557617,"orthographic":false}