{"cameraMode":{"drawMode":0,"name":"Shaded","section":"Shading Mode"},"sceneLighting":false,"audioPlay":false,"sceneViewState":{"m_AlwaysRefresh":false,"showFog":false,"showSkybox":false,"showFlares":false,"showImageEffects":false,"showParticleSystems":false,"showVisualEffectGraphs":true,"m_FxEnabled":true},"in2DMode":false,"pivot":{"x":0.00012434273958206177,"y":0.008569126948714257,"z":-0.00010197097435593605},"rotation":{"x":0.09132549911737442,"y":0.14230552315711976,"z":-0.013180222362279892,"w":0.9855441451072693},"size":0.01240173913538456,"orthographic":false}