{"cameraMode":{"drawMode":0,"name":"Shaded","section":"Shading Mode"},"sceneLighting":false,"audioPlay":false,"sceneViewState":{"m_AlwaysRefresh":false,"showFog":false,"showSkybox":false,"showFlares":false,"showImageEffects":false,"showParticleSystems":false,"showVisualEffectGraphs":true,"m_FxEnabled":true},"in2DMode":false,"pivot":{"x":-0.004119850229471922,"y":0.006073548458516598,"z":-0.0016971572767943144},"rotation":{"x":0.0131779033690691,"y":0.05726302042603493,"z":-0.0007560609956271946,"w":0.9982754588127136},"size":0.013351240195333958,"orthographic":true}