{"cameraMode":{"drawMode":0,"name":"Shaded","section":"Shading Mode"},"sceneLighting":false,"audioPlay":false,"sceneViewState":{"m_AlwaysRefresh":false,"showFog":false,"showSkybox":false,"showFlares":false,"showImageEffects":false,"showParticleSystems":false,"showVisualEffectGraphs":true,"m_FxEnabled":true},"in2DMode":false,"pivot":{"x":0.0011013674084097148,"y":0.012415280565619469,"z":0.006463462486863136},"rotation":{"x":-0.043582867830991748,"y":-0.15047907829284669,"z":-0.006640303879976273,"w":0.9876310229301453},"size":0.01722228154540062,"orthographic":true}